0,"('g', 0.9635982103645802)","('o', 0.9622351266443729)","('s', 0.9607423841953278)","('z', 0.9527043253183365)","('ğ', 0.9487796686589718)","('e', 0.9341964945197105)","('t', 0.9213654771447182)","('ö', 0.9163720980286598)","('h', 0.9161309972405434)","('n', 0.9080658555030823)","('ş', 0.9074360206723213)","('ü', 0.9005026370286942)","('b', 0.900222435593605)","('c', 0.8907252475619316)","('m', 0.8873843401670456)","('v', 0.8858337998390198)","('a', 0.8842291086912155)","('ç', 0.8761637881398201)","('d', 0.8735093027353287)","('p', 0.8590559363365173)","('y', 0.8471681028604507)","('f', 0.8374198526144028)","(',', 0.8256691992282867)","('k', 0.8202211856842041)","('r', 0.7295481264591217)","('j', 0.7226499915122986)","('i', 0.46077847480773926)","('ı', 0.33487653732299805)","('l', 0.0)"
1,"('d', 0.9728717915713787)","('ü', 0.9312103316187859)","('ö', 0.9154534637928009)","('ğ', 0.914321169257164)","('a', 0.9036210551857948)","('z', 0.9015837237238884)","('o', 0.8973891735076904)","('s', 0.8918117359280586)","('g', 0.8915303498506546)","('t', 0.8672527074813843)","('v', 0.8597097545862198)","('ş', 0.8560969829559326)","('e', 0.8503760993480682)","('h', 0.8453044146299362)","('n', 0.838282123208046)","('b', 0.8343056887388229)","('m', 0.8301172852516174)","('ç', 0.8217595517635345)","('j', 0.8155438005924225)","('c', 0.8139672875404358)","('y', 0.8112719357013702)","(',', 0.8093888610601425)","('f', 0.787605345249176)","('p', 0.7745849043130875)","('k', 0.7528092116117477)","('r', 0.644242137670517)","('i', 0.4515542984008789)","('ı', 0.3167814612388611)","('l', 0.0)"
2,"('g', 0.9577662833034992)","('o', 0.9554257988929749)","('s', 0.954220574349165)","('ğ', 0.9508898593485355)","('z', 0.9477481804788113)","('e', 0.9298411980271339)","('t', 0.9250334724783897)","('h', 0.9250302091240883)","('ö', 0.9197967201471329)","('b', 0.909975491464138)","('ş', 0.9052715823054314)","('ü', 0.9032483994960785)","('n', 0.9032400846481323)","('c', 0.8977888897061348)","('v', 0.8861264958977699)","('m', 0.8838936239480972)","('ç', 0.8796374648809433)","('a', 0.8762141689658165)","('d', 0.8689813315868378)","('p', 0.8613625466823578)","('y', 0.8498810976743698)","('f', 0.8400275111198425)","('k', 0.8301340490579605)","(',', 0.8176806271076202)","('r', 0.7356620728969574)","('j', 0.7178400754928589)","('i', 0.4595465660095215)","('ı', 0.33286476135253906)","('l', 0.0)"
3,"('m', 0.9851511549204588)","('n', 0.9612883143126965)","('o', 0.9327585101127625)","('ş', 0.9295735359191895)","('g', 0.9139779359102249)","('e', 0.9133230075240135)","('s', 0.9124403074383736)","('z', 0.9061081409454346)","('p', 0.9058168083429337)","('v', 0.9050695672631264)","('t', 0.8935936614871025)","('ç', 0.8920601084828377)","('ğ', 0.8801538124680519)","('c', 0.8776183724403381)","('f', 0.8771585151553154)","('h', 0.8759804293513298)","('y', 0.8756057024002075)","('ö', 0.8601783215999603)","('a', 0.8395085483789444)","('b', 0.8368833959102631)","('ü', 0.8273768275976181)","('d', 0.8215561807155609)","(',', 0.8172621130943298)","('k', 0.7825193703174591)","('r', 0.7618560940027237)","('j', 0.6969250738620758)","('i', 0.4402206540107727)","('ı', 0.325752317905426)","('l', 0.0)"
4,"('ı', 0.7915507256984711)","('i', 0.7332308292388916)","('l', 0.5589292049407959)","(',', 0.2722558379173279)","('a', 0.1923055648803711)","('e', 0.1842557191848755)","('s', 0.16052526235580444)","('g', 0.15327030420303345)","('n', 0.14831209182739258)","('z', 0.1476280689239502)","('o', 0.12660706043243408)","('ğ', 0.10728567838668823)","('ş', 0.10697323083877563)","('b', 0.1019853949546814)","('p', 0.10167086124420166)","('m', 0.09305888414382935)","('d', 0.09233212471008301)","('t', 0.09136569499969482)","('c', 0.08668071031570435)","('h', 0.07855945825576782)","('ü', 0.07202321290969849)","('j', 0.06462180614471436)","('k', 0.056691110134124756)","('ö', 0.055679261684417725)","('ç', 0.05450838804244995)","('r', 0.04638415575027466)","('v', 0.026825010776519775)","('f', 0.020592868328094482)","('y', 0.0)"
5,"('d', 0.9808166492730379)","('ü', 0.9180339500308037)","('a', 0.9114103093743324)","('ğ', 0.9045134633779526)","('ö', 0.903065986931324)","('z', 0.8971491754055023)","('o', 0.8934050276875496)","('s', 0.8882514461874962)","('g', 0.8873323798179626)","('t', 0.8581681400537491)","('v', 0.8527182638645172)","('ş', 0.851547583937645)","('e', 0.8479571789503098)","('n', 0.8365502208471298)","('h', 0.8342572003602982)","('m', 0.8275825679302216)","('b', 0.8229157328605652)","('j', 0.822329118847847)","(',', 0.8162065744400024)","('ç', 0.8131289929151535)","('c', 0.8039364814758301)","('y', 0.8028942197561264)","('f', 0.7798450291156769)","('p', 0.7681473642587662)","('k', 0.7404744923114777)","('r', 0.634831428527832)","('i', 0.4526960253715515)","('ı', 0.3194475769996643)","('l', 0.0)"
6,"('g', 0.9601752310991287)","('o', 0.9594415873289108)","('s', 0.9570174664258957)","('ğ', 0.9517462961375713)","('z', 0.9507964812219143)","('e', 0.9298600852489471)","('t', 0.9228828325867653)","('ö', 0.9206092059612274)","('h', 0.9191154539585114)","('ş', 0.9060559794306755)","('ü', 0.9048273712396622)","('n', 0.9043292924761772)","('b', 0.9035686403512955)","('c', 0.8921224698424339)","('v', 0.8870582208037376)","('m', 0.8850855901837349)","('a', 0.8822769001126289)","('ç', 0.8771428912878036)","('d', 0.8750116229057312)","('p', 0.8577377647161484)","('y', 0.8486799448728561)","('f', 0.8380817919969559)","('k', 0.823284924030304)","(',', 0.8219607323408127)","('r', 0.7298644185066223)","('j', 0.7237094342708588)","('i', 0.4596640467643738)","('ı', 0.333359956741333)","('l', 0.0)"
7,"('h', 0.9775470811873674)","('c', 0.9528583623468876)","('b', 0.9483816288411617)","('t', 0.9350850060582161)","('ğ', 0.923223614692688)","('g', 0.9150745049118996)","('o', 0.9106834232807159)","('s', 0.9099401757121086)","('z', 0.9080389738082886)","('ç', 0.9072335436940193)","('ö', 0.904539629817009)","('e', 0.8985559269785881)","('ş', 0.8954417482018471)","('p', 0.8909108340740204)","('k', 0.8885196596384048)","('v', 0.883488766849041)","('n', 0.8819496110081673)","('ü', 0.8785944432020187)","('m', 0.8710541427135468)","('y', 0.8708609491586685)","('f', 0.8670245409011841)","('d', 0.818953663110733)","('a', 0.8171891272068024)","('r', 0.7914126068353653)","(',', 0.7699901461601257)","('j', 0.6756415069103241)","('i', 0.4499433636665344)","('ı', 0.3170132040977478)","('l', 0.0)"
8,"('g', 0.9608456827700138)","('o', 0.9581682160496712)","('s', 0.957557387650013)","('z', 0.9496914260089397)","('ğ', 0.9487698785960674)","('e', 0.933478370308876)","('t', 0.9234827756881714)","('h', 0.9217071160674095)","('ö', 0.9165970161557198)","('ş', 0.9064446315169334)","('n', 0.9063843861222267)","('b', 0.9063476547598839)","('ü', 0.900137335062027)","('c', 0.8958186134696007)","('m', 0.8858828544616699)","('v', 0.8852542340755463)","('a', 0.8786739110946655)","('ç', 0.8784348666667938)","('d', 0.8687296658754349)","('p', 0.8619226366281509)","('y', 0.848432868719101)","('f', 0.8391516506671906)","('k', 0.82668536901474)","(',', 0.8212656825780869)","('r', 0.7345705628395081)","('j', 0.7178042232990265)","('i', 0.4604679346084595)","('ı', 0.3342247009277344)","('l', 0.0)"
9,"('g', 0.961469504982233)","('o', 0.9593036025762558)","('s', 0.9581152051687241)","('z', 0.9507254436612129)","('ğ', 0.9498633183538914)","('e', 0.9328486025333405)","('t', 0.9241073355078697)","('h', 0.9213254377245903)","('ö', 0.917732797563076)","('ş', 0.9073419272899628)","('n', 0.9066045060753822)","('b', 0.9054081439971924)","('ü', 0.9010284692049026)","('c', 0.8954337388277054)","('v', 0.8864907771348953)","('m', 0.8864816725254059)","('a', 0.8793593496084213)","('ç', 0.878960020840168)","('d', 0.870149090886116)","('p', 0.8616155087947845)","('y', 0.8493025153875351)","('f', 0.839758574962616)","('k', 0.8257775455713272)","(',', 0.8215093016624451)","('r', 0.7338860034942627)","('j', 0.719385176897049)","('i', 0.46021074056625366)","('ı', 0.33377575874328613)","('l', 0.0)"
10,"('z', 0.9708622470498085)","('ğ', 0.9686499312520027)","('g', 0.9623958319425583)","('t', 0.957786813378334)","('o', 0.9577728398144245)","('s', 0.9565794095396996)","('ş', 0.940595954656601)","('ö', 0.9319703280925751)","('h', 0.9203319698572159)","('v', 0.9170728400349617)","('e', 0.9103880077600479)","('ç', 0.9101713970303535)","('n', 0.9062780439853668)","('c', 0.9055203050374985)","('ü', 0.9021614864468575)","('m', 0.8940815851092339)","('b', 0.8893495351076126)","('y', 0.8813944458961487)","('d', 0.8737759739160538)","('f', 0.8705077767372131)","('p', 0.8693297803401947)","('a', 0.8648975938558578)","('k', 0.8179683089256287)","(',', 0.8106164634227753)","('j', 0.73922199010849)","('r', 0.7384561002254486)","('i', 0.45732223987579346)","('ı', 0.3156197667121887)","('l', 0.0)"
11,"('o', 0.9783859141170979)","('z', 0.9708201661705971)","('g', 0.9679416604340076)","('s', 0.9634597711265087)","('ğ', 0.950113907456398)","('ş', 0.9437981247901917)","('t', 0.9373062551021576)","('n', 0.9225993826985359)","('e', 0.9205294698476791)","('ö', 0.9198450297117233)","('v', 0.9188292473554611)","('m', 0.9111328274011612)","('h', 0.9035799279808998)","('ç', 0.8989433571696281)","('ü', 0.8917025476694107)","('c', 0.8891414776444435)","('d', 0.880510225892067)","('a', 0.8796967640519142)","('y', 0.8757049515843391)","('b', 0.8721171319484711)","('p', 0.868563175201416)","('f', 0.8649861812591553)","(',', 0.8275338560342789)","('k', 0.7998246550559998)","('j', 0.7446086406707764)","('r', 0.7298499047756195)","('i', 0.45502912998199463)","('ı', 0.3224255442619324)","('l', 0.0)"
12,"('e', 0.955386970192194)","('g', 0.9526851363480091)","('o', 0.9519349150359631)","('s', 0.9495902396738529)","('n', 0.9472327083349228)","('z', 0.9354774802923203)","('ş', 0.9278220236301422)","('m', 0.921085000038147)","('t', 0.9189701899886131)","('ğ', 0.9116950929164886)","('h', 0.9108390286564827)","('p', 0.9080095291137695)","('c', 0.907859243452549)","('ç', 0.894498273730278)","('v', 0.8884455114603043)","('b', 0.882538191974163)","('ö', 0.8786510899662971)","('f', 0.8629371523857117)","('y', 0.8603621423244476)","('a', 0.8532617539167404)","('ü', 0.8510324358940125)","('d', 0.8278771489858627)","(',', 0.8251312077045441)","('k', 0.8200883120298386)","('r', 0.7694022953510284)","('j', 0.687049150466919)","('i', 0.45798468589782715)","('ı', 0.33667558431625366)","('l', 0.0)"
13,"('v', 0.9970067949034274)","('y', 0.9466353170573711)","('ş', 0.9370857179164886)","('ç', 0.9351304098963737)","('t', 0.9301007017493248)","('f', 0.9221436679363251)","('ö', 0.9122298583388329)","('o', 0.9116271361708641)","('ğ', 0.9091578051447868)","('m', 0.9083860814571381)","('z', 0.903607688844204)","('g', 0.8975482732057571)","('h', 0.8939096704125404)","('s', 0.8923284336924553)","('c', 0.8904855027794838)","('n', 0.8869003802537918)","('p', 0.8748401254415512)","('ü', 0.8691210895776749)","('e', 0.8611685037612915)","('d', 0.8510409593582153)","('b', 0.8484460860490799)","('a', 0.8207376003265381)","('k', 0.8015192896127701)","(',', 0.774635910987854)","('r', 0.7549913674592972)","('j', 0.7430527210235596)","('i', 0.42440372705459595)","('ı', 0.29222315549850464)","('l', 0.0)"
14,"('m', 0.9821036197245121)","('n', 0.9635973051190376)","('o', 0.935641922056675)","('ş', 0.9299383163452148)","('g', 0.9168241769075394)","('e', 0.9165563359856606)","('s', 0.9153550937771797)","('z', 0.9085107818245888)","('p', 0.9048924073576927)","('v', 0.9043662920594215)","('t', 0.8944592177867889)","('ç', 0.8911921679973602)","('ğ', 0.8821049109101295)","('c', 0.8779059275984764)","('h', 0.8770083338022232)","('f', 0.8752355128526688)","('y', 0.8739566206932068)","('ö', 0.8614759743213654)","('a', 0.8423849195241928)","('b', 0.8385139107704163)","('ü', 0.8291356414556503)","('d', 0.8234876096248627)","(',', 0.8197144716978073)","('k', 0.7831141948699951)","('r', 0.7604671269655228)","('j', 0.6977294385433197)","('i', 0.4413567781448364)","('ı', 0.32705003023147583)","('l', 0.0)"
15,"('i', 0.8796834126114845)","('ı', 0.5935012102127075)","('l', 0.46880197525024414)","(',', 0.26142776012420654)","('a', 0.19795900583267212)","('e', 0.17890292406082153)","('s', 0.16876429319381714)","('g', 0.1611272096633911)","('z', 0.16081088781356812)","('n', 0.13841968774795532)","('o', 0.12857985496520996)","('ğ', 0.12370634078979492)","('b', 0.11313223838806152)","('ş', 0.11128485202789307)","('d', 0.10866886377334595)","('t', 0.10428595542907715)","('j', 0.09807008504867554)","('ü', 0.09347695112228394)","('c', 0.09274113178253174)","('p', 0.0882229208946228)","('h', 0.08554130792617798)","('m', 0.07823210954666138)","('ö', 0.07049190998077393)","('k', 0.06207549571990967)","('ç', 0.06007331609725952)","('v', 0.026781022548675537)","('r', 0.02166682481765747)","('f', 0.018037617206573486)","('y', 0.0)"
16,"('y', 0.9864558754488826)","('f', 0.9673526138067245)","('ç', 0.946868471801281)","('v', 0.9385504573583603)","('t', 0.9054856523871422)","('ş', 0.9052087366580963)","('c', 0.8938450217247009)","('p', 0.8841190561652184)","('h', 0.8794816955924034)","('m', 0.8780561685562134)","('ö', 0.870417594909668)","('ğ', 0.8663965612649918)","('o', 0.8626813143491745)","('z', 0.8588772118091583)","('g', 0.8544201701879501)","('n', 0.8537123948335648)","('s', 0.8487815856933594)","('b', 0.8325611501932144)","('ü', 0.8265355378389359)","('e', 0.8251285403966904)","('k', 0.8121503740549088)","('r', 0.7957791239023209)","('d', 0.7950439155101776)","('a', 0.7662983983755112)","(',', 0.7309270799160004)","('j', 0.6999908983707428)","('i', 0.4102773070335388)","('ı', 0.27315932512283325)","('l', 0.0)"
17,"('o', 0.9943100018426776)","('g', 0.9701706413179636)","('s', 0.9685453549027443)","('z', 0.9606276340782642)","('n', 0.9405490010976791)","('e', 0.9399319440126419)","('ş', 0.933571346104145)","('ğ', 0.9316356182098389)","('m', 0.9221788048744202)","('t', 0.9199793711304665)","('v', 0.9026464596390724)","('ö', 0.9009708315134048)","('h', 0.8975369334220886)","('ç', 0.8860927000641823)","('a', 0.885199174284935)","('c', 0.8836915642023087)","('ü', 0.8768059313297272)","('p', 0.873480424284935)","('d', 0.8690634518861771)","('b', 0.8688269257545471)","('y', 0.8606627732515335)","('f', 0.8535654693841934)","(',', 0.8387608081102371)","('k', 0.795598715543747)","('r', 0.7313047051429749)","('j', 0.729329913854599)","('i', 0.4575875997543335)","('ı', 0.33220475912094116)","('l', 0.0)"
18,"('r', 0.9489946886897087)","('p', 0.8645349889993668)","('c', 0.8386879712343216)","('k', 0.824331134557724)","('ç', 0.8040730655193329)","('f', 0.8009307235479355)","('h', 0.8003804236650467)","('b', 0.7885162681341171)","('t', 0.7822939157485962)","('e', 0.7765360027551651)","('n', 0.7764908075332642)","('ş', 0.775050938129425)","('y', 0.7703108191490173)","('m', 0.7665271162986755)","('g', 0.7606703788042068)","('s', 0.7573345452547073)","('o', 0.7509849965572357)","('z', 0.7505361884832382)","('v', 0.7452692985534668)","('ğ', 0.7428398430347443)","('ö', 0.7192387878894806)","('ü', 0.6878159940242767)","(',', 0.663215309381485)","('a', 0.6582266390323639)","('d', 0.6344651579856873)","('j', 0.5074441432952881)","('i', 0.4256342649459839)","('ı', 0.3010284900665283)","('l', 0.0)"
19,"('o', 0.9490978121757507)","('ğ', 0.9470219574868679)","('g', 0.9449649304151535)","('s', 0.9449255652725697)","('z', 0.9433649815618992)","('ö', 0.9230110719799995)","('ü', 0.919327437877655)","('e', 0.9127274602651596)","('t', 0.9057881310582161)","('h', 0.9007907509803772)","('a', 0.8971885517239571)","('d', 0.896304689347744)","('n', 0.8902024924755096)","('ş', 0.8900270387530327)","('b', 0.8900148198008537)","('v', 0.8759643211960793)","('m', 0.8729748278856277)","('c', 0.8697618097066879)","('ç', 0.8584655374288559)","('y', 0.8333192765712738)","('p', 0.8326416909694672)","(',', 0.8222215175628662)","('f', 0.8187130391597748)","('k', 0.805370882153511)","('j', 0.7424560189247131)","('r', 0.7036678194999695)","('i', 0.46164917945861816)","('ı', 0.33187758922576904)","('l', 0.0)"
20,"('m', 0.9809659607708454)","('n', 0.9585937224328518)","('o', 0.937853466719389)","('ş', 0.9303505420684814)","('g', 0.9165839999914169)","('s', 0.915496788918972)","('e', 0.9114305302500725)","('z', 0.9103425815701485)","('v', 0.907791867852211)","('p', 0.892126739025116)","('t', 0.8918938040733337)","('ç', 0.8865983188152313)","('ğ', 0.8831733241677284)","('y', 0.872856080532074)","('f', 0.8712232857942581)","('h', 0.8701453059911728)","('c', 0.8686209172010422)","('ö', 0.8639948517084122)","('a', 0.849689319729805)","('d', 0.833100825548172)","('ü', 0.8324351757764816)","('b', 0.8315833210945129)","(',', 0.8243631422519684)","('k', 0.773286983370781)","('r', 0.7473679482936859)","('j', 0.7104026973247528)","('i', 0.44059455394744873)","('ı', 0.32585304975509644)","('l', 0.0)"
21,"(',', 0.697035163640976)","('e', 0.5970248579978943)","('a', 0.5789434313774109)","('n', 0.5638534724712372)","('s', 0.5512439608573914)","('i', 0.5505321323871613)","('g', 0.5435335636138916)","('ı', 0.5369307100772858)","('z', 0.5285970270633698)","('o', 0.5232865810394287)","('m', 0.5060251951217651)","('p', 0.49834275245666504)","('ş', 0.4952859878540039)","('ğ', 0.47382062673568726)","('t', 0.460249662399292)","('b', 0.45450258255004883)","('c', 0.4534022808074951)","('d', 0.4478784203529358)","('h', 0.44607967138290405)","('ç', 0.42568910121917725)","('ü', 0.4169524908065796)","('ö', 0.4160439372062683)","('v', 0.4111419916152954)","('f', 0.3958805203437805)","('r', 0.3927052617073059)","('k', 0.38853752613067627)","('y', 0.37379658222198486)","('j', 0.3507978320121765)","('l', 0.0)"
22,"('g', 0.957718413323164)","('o', 0.9554235003888607)","('s', 0.9541694633662701)","('ğ', 0.9511043541133404)","('z', 0.9477982111275196)","('e', 0.9296245947480202)","('t', 0.9250887036323547)","('h', 0.9250172153115273)","('ö', 0.920044980943203)","('b', 0.9099566638469696)","('ş', 0.9052600860595703)","('ü', 0.9035160318017006)","('n', 0.9030944406986237)","('c', 0.897710956633091)","('v', 0.8862237259745598)","('m', 0.8838115185499191)","('ç', 0.8796408325433731)","('a', 0.8762882053852081)","('d', 0.8692260980606079)","('p', 0.8611934334039688)","('y', 0.8499367982149124)","('f', 0.8400220423936844)","('k', 0.8300822079181671)","(',', 0.8176226913928986)","('r', 0.7355050444602966)","('j', 0.7180792987346649)","('i', 0.4595130681991577)","('ı', 0.332785964012146)","('l', 0.0)"
23,"('m', 0.9851628141477704)","('n', 0.9613848440349102)","('o', 0.932774692773819)","('ş', 0.9294979944825172)","('g', 0.9139861240983009)","('e', 0.9133822917938232)","('s', 0.9124606773257256)","('z', 0.9061049073934555)","('p', 0.9056989848613739)","('v', 0.9049487337470055)","('t', 0.8934852108359337)","('ç', 0.8919025138020515)","('ğ', 0.8801020681858063)","('c', 0.8774804025888443)","('f', 0.8769936859607697)","('h', 0.8758647218346596)","('y', 0.8754438385367393)","('ö', 0.8601042628288269)","('a', 0.8396064043045044)","('b', 0.8367965817451477)","('ü', 0.8273318409919739)","('d', 0.8215807974338531)","(',', 0.8173901289701462)","('k', 0.7823909968137741)","('r', 0.7617185413837433)","('j', 0.6969471275806427)","('i', 0.4402529001235962)","('ı', 0.3258167505264282)","('l', 0.0)"
24,"('g', 0.9609619230031967)","('o', 0.9581667222082615)","('s', 0.9576772190630436)","('z', 0.9495804235339165)","('ğ', 0.9482980296015739)","('e', 0.9339885637164116)","('t', 0.9233987778425217)","('h', 0.9217536225914955)","('ö', 0.9160464853048325)","('n', 0.9067486003041267)","('ş', 0.9065144956111908)","('b', 0.9063797369599342)","('ü', 0.8995154350996017)","('c', 0.8960340023040771)","('m', 0.8861004635691643)","('v', 0.8850668892264366)","('ç', 0.87847850471735)","('a', 0.8784521073102951)","('d', 0.8681357055902481)","('p', 0.8623565286397934)","('y', 0.8483528792858124)","('f', 0.8392169773578644)","('k', 0.8268133103847504)","(',', 0.8213769197463989)","('r', 0.7349719703197479)","('j', 0.7172451019287109)","('i', 0.46054017543792725)","('ı', 0.3343833088874817)","('l', 0.0)"
25,"('d', 0.9690393432974815)","('a', 0.9291409477591515)","('ü', 0.9028357863426208)","('z', 0.8954891934990883)","('ğ', 0.8952029719948769)","('o', 0.8918424844741821)","('s', 0.8893516659736633)","('g', 0.8872324004769325)","('ö', 0.887073464691639)","('e', 0.8521730154752731)","('t', 0.8480729907751083)","('ş', 0.8457016944885254)","('v', 0.8396509736776352)","('n', 0.8378676772117615)","(',', 0.830675944685936)","('m', 0.8247294276952744)","('h', 0.8241518884897232)","('j', 0.8184356987476349)","('b', 0.8146293610334396)","('ç', 0.8015900701284409)","('c', 0.7945578247308731)","('y', 0.788476288318634)","('f', 0.7675950825214386)","('p', 0.7627049386501312)","('k', 0.7294375002384186)","('r', 0.6256020963191986)","('i', 0.4588512182235718)","('ı', 0.3278563618659973)","('l', 0.0)"
26,"('o', 0.9939246559515595)","('g', 0.9703481234610081)","('s', 0.9687764775007963)","('z', 0.9605077691376209)","('n', 0.9407330453395844)","('e', 0.940483782440424)","('ş', 0.933234192430973)","('ğ', 0.931400328874588)","('m', 0.922040194272995)","('t', 0.9197164922952652)","('v', 0.9021080806851387)","('ö', 0.900604598224163)","('h', 0.8975168243050575)","('ç', 0.8857887014746666)","('a', 0.8852682933211327)","('c', 0.8836787715554237)","('ü', 0.8765537291765213)","('p', 0.873547837138176)","('b', 0.868953138589859)","('d', 0.8687315434217453)","('y', 0.8602155596017838)","('f', 0.8532192409038544)","(',', 0.8389717787504196)","('k', 0.7956813722848892)","('r', 0.7313750684261322)","('j', 0.7288761138916016)","('i', 0.45774829387664795)","('ı', 0.3324548602104187)","('l', 0.0)"
27,"('z', 0.9615084454417229)","('ğ', 0.9533385150134563)","('o', 0.9465915262699127)","('g', 0.9464381746947765)","('s', 0.9453234560787678)","('ö', 0.9263816326856613)","('t', 0.9184288308024406)","('ş', 0.916231743991375)","('d', 0.9136212095618248)","('ü', 0.9109862446784973)","('v', 0.8991965055465698)","('a', 0.8959402516484261)","('e', 0.8942420333623886)","('n', 0.8889947384595871)","('h', 0.8806921541690826)","('m', 0.8762781471014023)","('ç', 0.8728027492761612)","('c', 0.8608161360025406)","('b', 0.8574046939611435)","('y', 0.8532921373844147)","('f', 0.8374037891626358)","('p', 0.8297981768846512)","(',', 0.8276508450508118)","('k', 0.7791165709495544)","('j', 0.7789384573698044)","('r', 0.6934691071510315)","('i', 0.4599143862724304)","('ı', 0.31827491521835327)","('l', 0.0)"
28,"('g', 0.9577817395329475)","('o', 0.9554014541208744)","('s', 0.9542468041181564)","('ğ', 0.950771652162075)","('z', 0.9477166421711445)","('e', 0.9299477785825729)","('h', 0.9249827265739441)","('t', 0.9249493107199669)","('ö', 0.9196539968252182)","('b', 0.9099691957235336)","('ş', 0.90522251278162)","('n', 0.9032771438360214)","('ü', 0.9031327962875366)","('c', 0.8977645859122276)","('v', 0.8860140144824982)","('m', 0.8838813304901123)","('ç', 0.8795641139149666)","('a', 0.8762258142232895)","('d', 0.8688890486955643)","('p', 0.8613791167736053)","('y', 0.8497797697782516)","('f', 0.8399539142847061)","('k', 0.8301233053207397)","(',', 0.8177365660667419)","('r', 0.735673189163208)","('j', 0.7177377343177795)","('i', 0.4595854878425598)","('ı', 0.33292442560195923)","('l', 0.0)"
29,"('ı', 0.6742393374443054)","('i', 0.5121095776557922)","(',', 0.45727914571762085)","('e', 0.36180561780929565)","('a', 0.344573974609375)","('n', 0.31418776512145996)","('s', 0.3075030446052551)","('g', 0.29938220977783203)","('z', 0.2811654210090637)","('o', 0.27595341205596924)","('p', 0.2543162703514099)","('m', 0.2497934103012085)","('ş', 0.23663264513015747)","('b', 0.23360151052474976)","('ğ', 0.2292478084564209)","('c', 0.21386414766311646)","('t', 0.21010714769363403)","('h', 0.2094234824180603)","('d', 0.20134484767913818)","('ü', 0.17734897136688232)","('k', 0.17460626363754272)","('r', 0.17240941524505615)","('ç', 0.16849982738494873)","('ö', 0.16780716180801392)","('v', 0.14701271057128906)","('f', 0.13189518451690674)","('y', 0.10745847225189209)","('j', 0.09211397171020508)","('l', 0.0)"
30,"('y', 0.9854628639295697)","('f', 0.9657150879502296)","('ç', 0.9450252838432789)","('v', 0.9379764124751091)","('t', 0.904069684445858)","('ş', 0.9037807136774063)","('c', 0.8921106904745102)","('p', 0.8822610154747963)","('h', 0.8780658468604088)","('m', 0.8768261298537254)","('ö', 0.8698696047067642)","('ğ', 0.8653588891029358)","('o', 0.8614105582237244)","('z', 0.8576120138168335)","('g', 0.8530257940292358)","('n', 0.8522299975156784)","('s', 0.8474015444517136)","('b', 0.8312731981277466)","('ü', 0.8260848224163055)","('e', 0.8235623687505722)","('k', 0.8110218197107315)","('d', 0.7948411107063293)","('r', 0.7946186065673828)","('a', 0.7654823362827301)","(',', 0.729901522397995)","('j', 0.7005799412727356)","('i', 0.4095599055290222)","('ı', 0.27243155241012573)","('l', 0.0)"
31,"('ı', 0.7895966619253159)","('i', 0.7020677030086517)","('l', 0.6007144749164581)","(',', 0.2591257691383362)","('a', 0.18222665786743164)","('e', 0.17724043130874634)","('s', 0.1531638503074646)","('g', 0.14629656076431274)","('n', 0.14233189821243286)","('z', 0.14038676023483276)","('o', 0.12073981761932373)","('ğ', 0.10209548473358154)","('ş', 0.10178446769714355)","('b', 0.10022151470184326)","('p', 0.09998255968093872)","('m', 0.08937066793441772)","('t', 0.08743685483932495)","('d', 0.08583170175552368)","('c', 0.08503586053848267)","('h', 0.07685202360153198)","('ü', 0.06817632913589478)","('k', 0.059378862380981445)","('j', 0.05680668354034424)","('ç', 0.05268740653991699)","('ö', 0.05261486768722534)","('r', 0.0521889328956604)","('v', 0.024905502796173096)","('f', 0.02038705348968506)","('y', 0.0)"
32,"('d', 0.9750382043421268)","('ü', 0.9300192892551422)","('ö', 0.9141375720500946)","('ğ', 0.9123774021863937)","('a', 0.9030435383319855)","('z', 0.899709552526474)","('o', 0.8956535309553146)","('s', 0.8898866549134254)","('g', 0.8895992115139961)","('t', 0.8655828088521957)","('v', 0.8588869422674179)","('ş', 0.8547406792640686)","('e', 0.8485392034053802)","('h', 0.8434469699859619)","('n', 0.8367998152971268)","('b', 0.8323535025119781)","('m', 0.8289599269628525)","('ç', 0.8203897178173065)","('j', 0.8175054639577866)","('c', 0.8121428191661835)","('y', 0.810380607843399)","(',', 0.8087299168109894)","('f', 0.7865182310342789)","('p', 0.7729480266571045)","('k', 0.7510445415973663)","('r', 0.6425856947898865)","('i', 0.450958251953125)","('ı', 0.3163663148880005)","('l', 0.0)"
33,"('g', 0.9588286615908146)","('o', 0.9559014476835728)","('s', 0.9557806700468063)","('ğ', 0.9486408270895481)","('z', 0.9480599388480186)","('e', 0.9321011230349541)","('t', 0.921829953789711)","('h', 0.9213126003742218)","('ö', 0.9168875366449356)","('b', 0.9074371308088303)","('n', 0.9039004296064377)","('ş', 0.9037627875804901)","('ü', 0.9016552790999413)","('c', 0.894490472972393)","('m', 0.8832995295524597)","('v', 0.8832152038812637)","('a', 0.879195973277092)","('ç', 0.8762953877449036)","('d', 0.8694800287485123)","('p', 0.8595179170370102)","('y', 0.8463504761457443)","('f', 0.8367751091718674)","('k', 0.8270557075738907)","(',', 0.8206819891929626)","('r', 0.7329610586166382)","('j', 0.71791672706604)","('i', 0.460737943649292)","('ı', 0.33455580472946167)","('l', 0.0)"
34,"('h', 0.9741327967494726)","('b', 0.9505106322467327)","('c', 0.9446628428995609)","('t', 0.9351828247308731)","('ğ', 0.9295481443405151)","('g', 0.9198923110961914)","('o', 0.9150895848870277)","('s', 0.914923682808876)","('z', 0.913004495203495)","('ö', 0.9097226038575172)","('ç', 0.9023754075169563)","('e', 0.9015107303857803)","('ş', 0.8949714303016663)","('ü', 0.8858112320303917)","('p', 0.8839983493089676)","('k', 0.883536584675312)","('v', 0.8826729655265808)","('n', 0.8822472244501114)","('m', 0.8699241876602173)","('y', 0.8666062206029892)","('f', 0.8611814975738525)","('d', 0.8262530118227005)","('a', 0.824335977435112)","('r', 0.7819665819406509)","(',', 0.7744292467832565)","('j', 0.6814751923084259)","('i', 0.45196300745010376)","('ı', 0.3187907338142395)","('l', 0.0)"
35,"('o', 0.9642819128930569)","('g', 0.9631937071681023)","('s', 0.9601237550377846)","('z', 0.9544319063425064)","('ğ', 0.9524025097489357)","('e', 0.9301531091332436)","('t', 0.922924280166626)","('ö', 0.9210645705461502)","('h', 0.9152188524603844)","('ş', 0.9091541543602943)","('n', 0.9069643542170525)","('ü', 0.9046123698353767)","('b', 0.8979326635599136)","('v', 0.8898658007383347)","('c', 0.8892353624105453)","('m', 0.8881426155567169)","('a', 0.8859305009245872)","('d', 0.8788752779364586)","('ç', 0.8774595931172371)","('p', 0.8570680171251297)","('y', 0.8499898910522461)","('f', 0.8390408605337143)","(',', 0.8252124041318893)","('k', 0.8179998993873596)","('j', 0.7282683253288269)","('r', 0.7270483374595642)","('i', 0.4593955874443054)","('ı', 0.3330613970756531)","('l', 0.0)"
36,"('f', 0.9779980443418026)","('y', 0.9731768723577261)","('ç', 0.9725929871201515)","('v', 0.9375081993639469)","('t', 0.9241055995225906)","('ş', 0.921234242618084)","('c', 0.9187764450907707)","('p', 0.9075369089841843)","('h', 0.8986396491527557)","('m', 0.889195129275322)","('ğ', 0.8792958632111549)","('o', 0.8771344125270844)","('ö', 0.8759010583162308)","('z', 0.874579444527626)","('g', 0.8717826753854752)","('n', 0.8705140352249146)","('s', 0.8659775108098984)","('b', 0.8506626039743423)","('e', 0.8446085155010223)","('ü', 0.831695631146431)","('k', 0.8285519480705261)","('r', 0.8106277883052826)","('d', 0.7955019623041153)","('a', 0.7750080823898315)","(',', 0.7421403229236603)","('j', 0.690545380115509)","('i', 0.42078548669815063)","('ı', 0.28184688091278076)","('l', 0.0)"
37,"('o', 0.9947628448717296)","('g', 0.9697239529341459)","('s', 0.9682434909045696)","('z', 0.9607438147068024)","('n', 0.9402044005692005)","('e', 0.939085029065609)","('ş', 0.9335164204239845)","('ğ', 0.9314999505877495)","('m', 0.922126054763794)","('t', 0.9194065257906914)","('v', 0.9028232246637344)","('ö', 0.9010322093963623)","('h', 0.8964301198720932)","('a', 0.8861038610339165)","('ç', 0.8855082243680954)","('c', 0.8824973255395889)","('ü', 0.8769856616854668)","('p', 0.8724116384983063)","('d', 0.8701622486114502)","('b', 0.8677005916833878)","('y', 0.8604431599378586)","('f', 0.8531381040811539)","(',', 0.8393301665782928)","('k', 0.7943288385868073)","('j', 0.7306590676307678)","('r', 0.7300457060337067)","('i', 0.45751357078552246)","('ı', 0.3321053981781006)","('l', 0.0)"
38,"('k', 0.9901599222794175)","('b', 0.9199220165610313)","('h', 0.9045429974794388)","('c', 0.9026278331875801)","('t', 0.8552393764257431)","('ç', 0.8485181778669357)","('ğ', 0.8381545841693878)","('p', 0.8373966813087463)","('ö', 0.8351154774427414)","('r', 0.8234214931726456)","('f', 0.8204907774925232)","('y', 0.8203651756048203)","('g', 0.8184336423873901)","('ü', 0.8180561065673828)","('s', 0.8135808408260345)","('z', 0.8131508827209473)","('o', 0.8117834478616714)","('e', 0.8094334751367569)","('v', 0.8090981543064117)","('ş', 0.8082858622074127)","('n', 0.7901513576507568)","('m', 0.7836617231369019)","('d', 0.7400479912757874)","('a', 0.7294057607650757)","(',', 0.6851448118686676)","('j', 0.605206161737442)","('i', 0.4286254048347473)","('ı', 0.2948274612426758)","('l', 0.0)"
39,"('o', 0.9820850752294064)","('z', 0.9736676346510649)","('g', 0.9730453621596098)","('s', 0.9689528457820415)","('ğ', 0.947342112660408)","('ş', 0.9418312534689903)","('t', 0.9335910379886627)","('n', 0.9257020801305771)","('e', 0.9256801828742027)","('ö', 0.9149641767144203)","('v', 0.9128612577915192)","('m', 0.9110451340675354)","('h', 0.9012241140007973)","('ç', 0.894827626645565)","('ü', 0.8885883241891861)","('c', 0.8871502056717873)","('a', 0.882910244166851)","('d', 0.8788291439414024)","('b', 0.8711636662483215)","('y', 0.8701619505882263)","('p', 0.8682959675788879)","('f', 0.8606627434492111)","(',', 0.8320049047470093)","('k', 0.7978916168212891)","('j', 0.742121160030365)","('r', 0.728445291519165)","('i', 0.45726126432418823)","('ı', 0.32513946294784546)","('l', 0.0)"
40,"('e', 0.9569299072027206)","('g', 0.9535101167857647)","('o', 0.953020628541708)","('s', 0.9506672658026218)","('n', 0.9495340026915073)","('z', 0.9361303672194481)","('ş', 0.9282820820808411)","('m', 0.9223455190658569)","('t', 0.9175618886947632)","('ğ', 0.9108868539333344)","('h', 0.9082125797867775)","('p', 0.9069064036011696)","('c', 0.9052898064255714)","('ç', 0.8930738791823387)","('v', 0.8879859820008278)","('b', 0.8799811378121376)","('ö', 0.8775587379932404)","('f', 0.8618447035551071)","('y', 0.8592403382062912)","('a', 0.8548934310674667)","('ü', 0.8501265794038773)","('d', 0.8285010755062103)","(',', 0.8273795545101166)","('k', 0.8171338140964508)","('r', 0.7673647701740265)","('j', 0.6880306899547577)","('i', 0.4583722949028015)","('ı', 0.33726948499679565)","('l', 0.0)"
41,"('v', 0.9975626934319735)","('y', 0.9499367848038673)","('ç', 0.9374954476952553)","('ş', 0.9347301498055458)","('t', 0.9314881190657616)","('f', 0.9240321442484856)","('ö', 0.9139339923858643)","('o', 0.9095906987786293)","('ğ', 0.9095383957028389)","('m', 0.9054902791976929)","('z', 0.9019717946648598)","('h', 0.8966171517968178)","('g', 0.8959564343094826)","('c', 0.8930603042244911)","('s', 0.8905938267707825)","('n', 0.8841881304979324)","('p', 0.8750689625740051)","('ü', 0.8703709244728088)","('e', 0.8594793975353241)","('b', 0.8510213047266006)","('d', 0.8495669364929199)","('a', 0.8181280493736267)","('k', 0.8053284138441086)","(',', 0.7713187634944916)","('r', 0.7574378997087479)","('j', 0.7412256598472595)","('i', 0.42368316650390625)","('ı', 0.29107606410980225)","('l', 0.0)"
42,"('i', 0.8635553121566772)","('ı', 0.591691642999649)","('l', 0.47501128911972046)","(',', 0.24908733367919922)","('a', 0.18572652339935303)","('e', 0.17714452743530273)","('s', 0.16470855474472046)","('g', 0.15741807222366333)","('z', 0.15613913536071777)","('n', 0.13581395149230957)","('o', 0.12430065870285034)","('ğ', 0.12011975049972534)","('b', 0.11734795570373535)","('ş', 0.10835862159729004)","('t', 0.10352820158004761)","('c', 0.09742796421051025)","('d', 0.09620863199234009)","('p', 0.09317058324813843)","('h', 0.08832919597625732)","('ü', 0.08805680274963379)","('m', 0.07556068897247314)","('j', 0.07500255107879639)","('k', 0.0730060338973999)","('ö', 0.06661611795425415)","('ç', 0.06135129928588867)","('r', 0.038380980491638184)","('v', 0.02358877658843994)","('f', 0.01980036497116089)","('y', 0.0)"
43,"('y', 0.983308844268322)","('f', 0.9652528986334801)","('ç', 0.94291552901268)","('v', 0.938102051615715)","('ş', 0.9040385186672211)","('t', 0.9021820053458214)","('c', 0.8892035558819771)","('p', 0.8814866617321968)","('m', 0.8777536153793335)","('h', 0.8751236498355865)","('ö', 0.8680461645126343)","('ğ', 0.863800123333931)","('o', 0.8609632402658463)","('z', 0.8569742143154144)","('n', 0.8525867015123367)","('g', 0.8523127436637878)","('s', 0.8467624187469482)","('b', 0.8282013982534409)","('ü', 0.8242693096399307)","('e', 0.8229652643203735)","('k', 0.8073182553052902)","('d', 0.7946518808603287)","('r', 0.7927766442298889)","('a', 0.7655447870492935)","(',', 0.7306513488292694)","('j', 0.7015773952007294)","('i', 0.40915852785110474)","('ı', 0.2723514437675476)","('l', 0.0)"
44,"('o', 0.9856244837865233)","('s', 0.9714564215391874)","('g', 0.9709639735519886)","('z', 0.9581053629517555)","('e', 0.9479205347597599)","('n', 0.9428634941577911)","('ş', 0.9263667091727257)","('ğ', 0.925273671746254)","('m', 0.9186523035168648)","('t', 0.9116583913564682)","('ö', 0.8925754800438881)","('v', 0.891676127910614)","('h', 0.8914174139499664)","('a', 0.8902679085731506)","('c', 0.8777606040239334)","('ç', 0.8770063519477844)","('ü', 0.8712453544139862)","('p', 0.8700589835643768)","('d', 0.8659721612930298)","('b', 0.8656411319971085)","('y', 0.8499903678894043)","(',', 0.8460130840539932)","('f', 0.8442656993865967)","('k', 0.7910204380750656)","('r', 0.7270332276821136)","('j', 0.7252388894557953)","('i', 0.4610501527786255)","('ı', 0.3370444178581238)","('l', 0.0)"
45,"('r', 0.9396845698356628)","('p', 0.8552231043577194)","('c', 0.8345257043838501)","('k', 0.8283447325229645)","('h', 0.7978845685720444)","('ç', 0.7955538332462311)","('b', 0.7897893935441971)","('f', 0.7897750735282898)","('t', 0.7767062336206436)","('e', 0.7733440101146698)","('n', 0.7696708142757416)","('ş', 0.7668437659740448)","('y', 0.7603134959936142)","('m', 0.7578046768903732)","('g', 0.7563381344079971)","('s', 0.7531105279922485)","('o', 0.7458157539367676)","('z', 0.7457683682441711)","('ğ', 0.7390114367008209)","('v', 0.7365526854991913)","('ö', 0.7150504887104034)","('ü', 0.6852702498435974)","(',', 0.6591084897518158)","('a', 0.6548282504081726)","('d', 0.6299022138118744)","('j', 0.5004744827747345)","('i', 0.4275973439216614)","('ı', 0.30353879928588867)","('l', 0.0)"
46,"('s', 0.9461205750703812)","('g', 0.9416800104081631)","('o', 0.9414480403065681)","('z', 0.9328345730900764)","('e', 0.932010717689991)","('a', 0.9190269187092781)","('ğ', 0.9128607735037804)","('n', 0.8992309272289276)","('ö', 0.8817964643239975)","('ü', 0.8812282606959343)","('d', 0.8794108554720879)","('t', 0.8774381130933762)","('ş', 0.876384936273098)","('h', 0.8710131645202637)","('m', 0.870512455701828)","('b', 0.8642212897539139)","(',', 0.8523768782615662)","('v', 0.8474579304456711)","('c', 0.8459578901529312)","('ç', 0.8320068418979645)","('p', 0.8243249952793121)","('y', 0.8030241876840591)","('f', 0.793675109744072)","('k', 0.7788089662790298)","('j', 0.7283834218978882)","('r', 0.6883166432380676)","('i', 0.472542405128479)","('ı', 0.3498954772949219)","('l', 0.0)"
47,"('m', 0.9851414365693927)","('n', 0.9613543413579464)","('o', 0.9327713176608086)","('ş', 0.9295266419649124)","('g', 0.9139892086386681)","('e', 0.9133724719285965)","('s', 0.9124584272503853)","('z', 0.9061086624860764)","('p', 0.905761830508709)","('v', 0.9049904197454453)","('t', 0.8935341238975525)","('ç', 0.8919695317745209)","('ğ', 0.8801262751221657)","('c', 0.877549834549427)","('f', 0.8770600631833076)","('h', 0.8759239688515663)","('y', 0.8755059391260147)","('ö', 0.8601343780755997)","('a', 0.8395641297101974)","('b', 0.8368460983037949)","('ü', 0.8273504972457886)","('d', 0.8215630799531937)","(',', 0.8173374533653259)","('k', 0.7824590057134628)","('r', 0.7617891132831573)","('j', 0.6969228684902191)","('i', 0.4402432441711426)","('ı', 0.32579582929611206)","('l', 0.0)"
